"Plate ID","Plate","Dispensed well","Dispensed row","Dispensed col","Non-random well","Non-random row","Non-random col","Fluid","Fluid name","Cassette","Dispense head","Start time","Dispensed concentration","Units","Dispensed volume","Units","Total well volume"
"",8,"B02",2,2,"B02",2,2,4,"Drug1",2,1,"15:03:05.597",24.63120314174,"uM",8.8,"nL",25008.92857143
"",8,"B03",2,3,"B03",2,3,4,"Drug1",2,1,"15:03:05.783",24.63120314174,"uM",8.8,"nL",25008.92857143
"",8,"B04",2,4,"B04",2,4,4,"Drug1",2,1,"15:03:05.967",24.63120314174,"uM",8.8,"nL",25008.92857143
"",8,"B05",2,5,"B05",2,5,3,"Drug2",1,8,"14:39:03.236",1.999200319872,"uM",10,"nL",25010
"",8,"B06",2,6,"B06",2,6,3,"Drug2",1,8,"14:39:03.431",1.999200319872,"uM",10,"nL",25010
"",8,"B07",2,7,"B07",2,7,3,"Drug2",1,8,"14:39:03.617",1.999200319872,"uM",10,"nL",25010
"",8,"B08",2,8,"B08",2,8,4,"Drug1",2,1,"15:03:05.013",74.9596000922,"uM",26.8,"nL",25026.81441327
"",8,"B09",2,9,"B09",2,9,4,"Drug1",2,1,"15:03:05.199",74.9596000922,"uM",26.8,"nL",25026.81441327
"",8,"B10",2,10,"B10",2,10,4,"Drug1",2,1,"15:03:06.321",74.9596000922,"uM",26.8,"nL",25026.81441327
"",8,"B11",2,11,"B11",2,11,3,"Drug2",1,8,"14:39:03.913",0.007997127888641,"uM",0.04,"nL",25008.97857143
"",8,"B11",2,11,"B11",2,11,4,"Drug1",2,1,"15:03:06.510",24.63115389701,"uM",8.8,"nL",25008.97857143
"",8,"B12",2,12,"B12",2,12,3,"Drug2",1,8,"14:39:04.084",0.007997127888641,"uM",0.04,"nL",25008.97857143
"",8,"B12",2,12,"B12",2,12,4,"Drug1",2,1,"15:03:06.700",24.63115389701,"uM",8.8,"nL",25008.97857143
"",8,"B13",2,13,"B13",2,13,3,"Drug2",1,8,"14:39:04.267",0.007997127888641,"uM",0.04,"nL",25008.97857143
"",8,"B13",2,13,"B13",2,13,4,"Drug1",2,1,"15:03:06.882",24.63115389701,"uM",8.8,"nL",25008.97857143
"",8,"B14",2,14,"B14",2,14,3,"Drug2",1,8,"14:39:04.443",0.05997787782383,"uM",0.3,"nL",25009.2209732
"",8,"B14",2,14,"B14",2,14,4,"Drug1",2,1,"15:03:07.065",24.63091515965,"uM",8.8,"nL",25009.2209732
"",8,"B15",2,15,"B15",2,15,3,"Drug2",1,8,"14:39:04.632",0.05997787782383,"uM",0.3,"nL",25009.2209732
"",8,"B15",2,15,"B15",2,15,4,"Drug1",2,1,"15:03:07.263",24.63091515965,"uM",8.8,"nL",25009.2209732
"",8,"B16",2,16,"B16",2,16,3,"Drug2",1,8,"14:39:04.814",0.05997787782383,"uM",0.3,"nL",25009.2209732
"",8,"B16",2,16,"B16",2,16,4,"Drug1",2,1,"15:03:07.449",24.63091515965,"uM",8.8,"nL",25009.2209732
"",8,"B17",2,17,"B17",2,17,3,"Drug2",1,8,"14:39:04.995",0.3398553772987,"uM",1.7,"nL",25010.63854738
"",8,"B17",2,17,"B17",2,17,4,"Drug1",2,1,"15:03:07.630",24.62951910777,"uM",8.8,"nL",25010.63854738
"",8,"B18",2,18,"B18",2,18,3,"Drug2",1,8,"14:39:05.182",0.3398553772987,"uM",1.7,"nL",25010.63854738
"",8,"B18",2,18,"B18",2,18,4,"Drug1",2,1,"15:03:07.813",24.62951910777,"uM",8.8,"nL",25010.63854738
"",8,"B19",2,19,"B19",2,19,3,"Drug2",1,8,"14:39:05.376",0.3398553772987,"uM",1.7,"nL",25010.63854738
"",8,"B19",2,19,"B19",2,19,4,"Drug1",2,1,"15:03:07.990",24.62951910777,"uM",8.8,"nL",25010.63854738
"",8,"B20",2,20,"B20",2,20,3,"Drug2",1,8,"14:39:05.567",1.998486859949,"uM",10,"nL",25018.92857143
"",8,"B20",2,20,"B20",2,20,4,"Drug1",2,1,"15:03:08.174",24.62135811457,"uM",8.8,"nL",25018.92857143
"",8,"B21",2,21,"B21",2,21,3,"Drug2",1,8,"14:39:05.751",1.998486859949,"uM",10,"nL",25018.92857143
"",8,"B21",2,21,"B21",2,21,4,"Drug1",2,1,"15:03:08.359",24.62135811457,"uM",8.8,"nL",25018.92857143
"",8,"B22",2,22,"B22",2,22,3,"Drug2",1,8,"14:39:05.933",1.998486859949,"uM",10,"nL",25018.92857143
"",8,"B22",2,22,"B22",2,22,4,"Drug1",2,1,"15:03:08.540",24.62135811457,"uM",8.8,"nL",25018.92857143
"",8,"C02",3,2,"C02",3,2,4,"Drug1",2,1,"15:03:12.152",8.566953622526,"uM",3.06,"nL",25003.05352848
"",8,"C03",3,3,"C03",3,3,4,"Drug1",2,1,"15:03:11.949",8.566953622526,"uM",3.06,"nL",25003.05352848
"",8,"C04",3,4,"C04",3,4,4,"Drug1",2,1,"15:03:11.754",8.566953622526,"uM",3.06,"nL",25003.05352848
"",8,"C05",3,5,"C05",3,5,3,"Drug2",1,8,"14:39:08.814",0.3399767459177,"uM",1.7,"nL",25001.70997595
"",8,"C06",3,6,"C06",3,6,3,"Drug2",1,8,"14:39:08.627",0.3399767459177,"uM",1.7,"nL",25001.70997595
"",8,"C07",3,7,"C07",3,7,3,"Drug2",1,8,"14:39:08.436",0.3399767459177,"uM",1.7,"nL",25001.70997595
"",8,"C08",3,8,"C08",3,8,4,"Drug1",2,1,"15:03:11.466",0.2239992000029,"uM",0.08,"nL",25000.08928571
"",8,"C09",3,9,"C09",3,9,4,"Drug1",2,1,"15:03:11.288",0.2239992000029,"uM",0.08,"nL",25000.08928571
"",8,"C10",3,10,"C10",3,10,4,"Drug1",2,1,"15:03:11.109",0.2239992000029,"uM",0.08,"nL",25000.08928571
"",8,"C11",3,11,"C11",3,11,3,"Drug2",1,8,"14:39:08.145",0.00799900699416,"uM",0.04,"nL",25003.10352848
"",8,"C11",3,11,"C11",3,11,4,"Drug1",2,1,"15:03:10.909",8.566936490746,"uM",3.06,"nL",25003.10352848
"",8,"C12",3,12,"C12",3,12,3,"Drug2",1,8,"14:39:07.959",0.00799900699416,"uM",0.04,"nL",25003.10352848
"",8,"C12",3,12,"C12",3,12,4,"Drug1",2,1,"15:03:10.710",8.566936490746,"uM",3.06,"nL",25003.10352848
"",8,"C13",3,13,"C13",3,13,3,"Drug2",1,8,"14:39:07.778",0.00799900699416,"uM",0.04,"nL",25003.10352848
"",8,"C13",3,13,"C13",3,13,4,"Drug1",2,1,"15:03:10.506",8.566936490746,"uM",3.06,"nL",25003.10352848
"",8,"C14",3,14,"C14",3,14,3,"Drug2",1,8,"14:39:07.587",0.059991970842,"uM",0.3,"nL",25003.34593025
"",8,"C14",3,14,"C14",3,14,4,"Drug1",2,1,"15:03:10.310",8.566853436238,"uM",3.06,"nL",25003.34593025
"",8,"C15",3,15,"C15",3,15,3,"Drug2",1,8,"14:39:07.405",0.059991970842,"uM",0.3,"nL",25003.34593025
"",8,"C15",3,15,"C15",3,15,4,"Drug1",2,1,"15:03:10.107",8.566853436238,"uM",3.06,"nL",25003.34593025
"",8,"C16",3,16,"C16",3,16,3,"Drug2",1,8,"14:39:07.227",0.059991970842,"uM",0.3,"nL",25003.34593025
"",8,"C16",3,16,"C16",3,16,4,"Drug1",2,1,"15:03:09.912",8.566853436238,"uM",3.06,"nL",25003.34593025
"",8,"C17",3,17,"C17",3,17,3,"Drug2",1,8,"14:39:07.037",0.3399352286814,"uM",1.7,"nL",25004.76350442
"",8,"C17",3,17,"C17",3,17,4,"Drug1",2,1,"15:03:09.714",8.566367762771,"uM",3.06,"nL",25004.76350442
"",8,"C18",3,18,"C18",3,18,3,"Drug2",1,8,"14:39:06.849",0.3399352286814,"uM",1.7,"nL",25004.76350442
"",8,"C18",3,18,"C18",3,18,4,"Drug1",2,1,"15:03:09.513",8.566367762771,"uM",3.06,"nL",25004.76350442
"",8,"C19",3,19,"C19",3,19,3,"Drug2",1,8,"14:39:06.664",0.3399352286814,"uM",1.7,"nL",25004.76350442
"",8,"C19",3,19,"C19",3,19,4,"Drug1",2,1,"15:03:09.317",8.566367762771,"uM",3.06,"nL",25004.76350442
"",8,"C20",3,20,"C20",3,20,3,"Drug2",1,8,"14:39:06.482",1.9989562627,"uM",10,"nL",25013.05352848
"",8,"C20",3,20,"C20",3,20,4,"Drug1",2,1,"15:03:09.118",8.563528629407,"uM",3.06,"nL",25013.05352848
"",8,"C21",3,21,"C21",3,21,3,"Drug2",1,8,"14:39:06.300",1.9989562627,"uM",10,"nL",25013.05352848
"",8,"C21",3,21,"C21",3,21,4,"Drug1",2,1,"15:03:08.919",8.563528629407,"uM",3.06,"nL",25013.05352848
"",8,"C22",3,22,"C22",3,22,3,"Drug2",1,8,"14:39:06.109",1.9989562627,"uM",10,"nL",25013.05352848
"",8,"C22",3,22,"C22",3,22,4,"Drug1",2,1,"15:03:08.721",8.563528629407,"uM",3.06,"nL",25013.05352848
"",8,"D02",4,2,"D02",4,2,4,"Drug1",2,1,"15:03:12.343",2.911878365943,"uM",1.04,"nL",25001.04429205
"",8,"D03",4,3,"D03",4,3,4,"Drug1",2,1,"15:03:12.534",2.911878365943,"uM",1.04,"nL",25001.04429205
"",8,"D04",4,4,"D04",4,4,4,"Drug1",2,1,"15:03:12.715",2.911878365943,"uM",1.04,"nL",25001.04429205
"",8,"D05",4,5,"D05",4,5,3,"Drug2",1,8,"14:39:08.998",0.05999929824395,"uM",0.3,"nL",25000.29240177
"",8,"D06",4,6,"D06",4,6,3,"Drug2",1,8,"14:39:09.181",0.05999929824395,"uM",0.3,"nL",25000.29240177
"",8,"D07",4,7,"D07",4,7,3,"Drug2",1,8,"14:39:09.359",0.05999929824395,"uM",0.3,"nL",25000.29240177
"",8,"D08",4,8,"D08",4,8,3,"Drug2",1,8,"14:39:02.766",4.955044955045,"uM",24.8,"nL",25025
"",8,"D09",4,9,"D09",4,9,3,"Drug2",1,8,"14:39:02.951",4.955044955045,"uM",24.8,"nL",25025
"",8,"D10",4,10,"D10",4,10,3,"Drug2",1,8,"14:39:09.614",4.955044955045,"uM",24.8,"nL",25025
"",8,"D11",4,11,"D11",4,11,3,"Drug2",1,8,"14:39:09.799",0.007999649841871,"uM",0.04,"nL",25001.09429205
"",8,"D11",4,11,"D11",4,11,4,"Drug1",2,1,"15:03:13.115",2.911872542441,"uM",1.04,"nL",25001.09429205
"",8,"D12",4,12,"D12",4,12,3,"Drug2",1,8,"14:39:09.980",0.007999649841871,"uM",0.04,"nL",25001.09429205
"",8,"D12",4,12,"D12",4,12,4,"Drug1",2,1,"15:03:13.300",2.911872542441,"uM",1.04,"nL",25001.09429205
"",8,"D13",4,13,"D13",4,13,3,"Drug2",1,8,"14:39:10.161",0.007999649841871,"uM",0.04,"nL",25001.09429205
"",8,"D13",4,13,"D13",4,13,4,"Drug1",2,1,"15:03:13.485",2.911872542441,"uM",1.04,"nL",25001.09429205
"",8,"D14",4,14,"D14",4,14,3,"Drug2",1,8,"14:39:10.344",0.05999679210634,"uM",0.3,"nL",25001.33669382
"",8,"D14",4,14,"D14",4,14,4,"Drug1",2,1,"15:03:13.668",2.911844310228,"uM",1.04,"nL",25001.33669382
"",8,"D15",4,15,"D15",4,15,3,"Drug2",1,8,"14:39:10.520",0.05999679210634,"uM",0.3,"nL",25001.33669382
"",8,"D15",4,15,"D15",4,15,4,"Drug1",2,1,"15:03:13.848",2.911844310228,"uM",1.04,"nL",25001.33669382
"",8,"D16",4,16,"D16",4,16,3,"Drug2",1,8,"14:39:10.698",0.05999679210634,"uM",0.3,"nL",25001.33669382
"",8,"D16",4,16,"D16",4,16,4,"Drug1",2,1,"15:03:14.032",2.911844310228,"uM",1.04,"nL",25001.33669382
"",8,"D17",4,17,"D17",4,17,3,"Drug2",1,8,"14:39:10.885",0.3399625460816,"uM",1.7,"nL",25002.754268
"",8,"D17",4,17,"D17",4,17,4,"Drug1",2,1,"15:03:14.215",2.911679218205,"uM",1.04,"nL",25002.754268
"",8,"D18",4,18,"D18",4,18,3,"Drug2",1,8,"14:39:11.069",0.3399625460816,"uM",1.7,"nL",25002.754268
"",8,"D18",4,18,"D18",4,18,4,"Drug1",2,1,"15:03:14.397",2.911679218205,"uM",1.04,"nL",25002.754268
"",8,"D19",4,19,"D19",4,19,3,"Drug2",1,8,"14:39:11.254",0.3399625460816,"uM",1.7,"nL",25002.754268
"",8,"D19",4,19,"D19",4,19,4,"Drug1",2,1,"15:03:14.581",2.911679218205,"uM",1.04,"nL",25002.754268
"",8,"D20",4,20,"D20",4,20,3,"Drug2",1,8,"14:39:11.444",1.999116846788,"uM",10,"nL",25011.04429205
"",8,"D20",4,20,"D20",4,20,4,"Drug1",2,1,"15:03:14.764",2.910714128924,"uM",1.04,"nL",25011.04429205
"",8,"D21",4,21,"D21",4,21,3,"Drug2",1,8,"14:39:11.617",1.999116846788,"uM",10,"nL",25011.04429205
"",8,"D21",4,21,"D21",4,21,4,"Drug1",2,1,"15:03:14.960",2.910714128924,"uM",1.04,"nL",25011.04429205
"",8,"D22",4,22,"D22",4,22,3,"Drug2",1,8,"14:39:11.797",1.999116846788,"uM",10,"nL",25011.04429205
"",8,"D22",4,22,"D22",4,22,4,"Drug1",2,1,"15:03:15.142",2.910714128924,"uM",1.04,"nL",25011.04429205
"",8,"E02",5,2,"E02",5,2,4,"Drug1",2,1,"15:03:18.138",1.007985600206,"uM",0.36,"nL",25000.35714286
"",8,"E03",5,3,"E03",5,3,4,"Drug1",2,1,"15:03:17.920",1.007985600206,"uM",0.36,"nL",25000.35714286
"",8,"E04",5,4,"E04",5,4,4,"Drug1",2,1,"15:03:17.727",1.007985600206,"uM",0.36,"nL",25000.35714286
"",8,"E05",5,5,"E05",5,5,3,"Drug2",1,8,"14:39:15.074",0.007999984000032,"uM",0.04,"nL",25000.05
"",8,"E06",5,6,"E06",5,6,3,"Drug2",1,8,"14:39:14.891",0.007999984000032,"uM",0.04,"nL",25000.05
"",8,"E07",5,7,"E07",5,7,3,"Drug2",1,8,"14:39:14.708",0.007999984000032,"uM",0.04,"nL",25000.05
"",8,"E08",5,8,"E08",5,8,3,"Drug2",1,8,"14:39:14.530",0.0239998800006,"uM",0.12,"nL",25000.125
"",8,"E09",5,9,"E09",5,9,3,"Drug2",1,8,"14:39:14.353",0.0239998800006,"uM",0.12,"nL",25000.125
"",8,"E10",5,10,"E10",5,10,3,"Drug2",1,8,"14:39:14.179",0.0239998800006,"uM",0.12,"nL",25000.125
"",8,"E11",5,11,"E11",5,11,3,"Drug2",1,8,"14:39:13.998",0.007999869716407,"uM",0.04,"nL",25000.40714286
"",8,"E11",5,11,"E11",5,11,4,"Drug1",2,1,"15:03:17.328",1.007983584267,"uM",0.36,"nL",25000.40714286
"",8,"E12",5,12,"E12",5,12,3,"Drug2",1,8,"14:39:13.813",0.007999869716407,"uM",0.04,"nL",25000.40714286
"",8,"E12",5,12,"E12",5,12,4,"Drug1",2,1,"15:03:17.145",1.007983584267,"uM",0.36,"nL",25000.40714286
"",8,"E13",5,13,"E13",5,13,3,"Drug2",1,8,"14:39:13.630",0.007999869716407,"uM",0.04,"nL",25000.40714286
"",8,"E13",5,13,"E13",5,13,4,"Drug1",2,1,"15:03:16.965",1.007983584267,"uM",0.36,"nL",25000.40714286
"",8,"E14",5,14,"E14",5,14,3,"Drug2",1,8,"14:39:13.446",0.05999844113339,"uM",0.3,"nL",25000.64954463
"",8,"E14",5,14,"E14",5,14,4,"Drug1",2,1,"15:03:16.783",1.007973811041,"uM",0.36,"nL",25000.64954463
"",8,"E15",5,15,"E15",5,15,3,"Drug2",1,8,"14:39:13.264",0.05999844113339,"uM",0.3,"nL",25000.64954463
"",8,"E15",5,15,"E15",5,15,4,"Drug1",2,1,"15:03:16.595",1.007973811041,"uM",0.36,"nL",25000.64954463
"",8,"E16",5,16,"E16",5,16,3,"Drug2",1,8,"14:39:13.082",0.05999844113339,"uM",0.3,"nL",25000.64954463
"",8,"E16",5,16,"E16",5,16,4,"Drug1",2,1,"15:03:16.416",1.007973811041,"uM",0.36,"nL",25000.64954463
"",8,"E17",5,17,"E17",5,17,3,"Drug2",1,8,"14:39:12.899",0.3399718895086,"uM",1.7,"nL",25002.0671188
"",8,"E17",5,17,"E17",5,17,4,"Drug1",2,1,"15:03:16.236",1.007916660661,"uM",0.36,"nL",25002.0671188
"",8,"E18",5,18,"E18",5,18,3,"Drug2",1,8,"14:39:12.717",0.3399718895086,"uM",1.7,"nL",25002.0671188
"",8,"E18",5,18,"E18",5,18,4,"Drug1",2,1,"15:03:16.057",1.007916660661,"uM",0.36,"nL",25002.0671188
"",8,"E19",5,19,"E19",5,19,3,"Drug2",1,8,"14:39:12.532",0.3399718895086,"uM",1.7,"nL",25002.0671188
"",8,"E19",5,19,"E19",5,19,4,"Drug1",2,1,"15:03:15.874",1.007916660661,"uM",0.36,"nL",25002.0671188
"",8,"E20",5,20,"E20",5,20,3,"Drug2",1,8,"14:39:12.352",1.999171771695,"uM",10,"nL",25010.35714286
"",8,"E20",5,20,"E20",5,20,4,"Drug1",2,1,"15:03:15.690",1.007582572934,"uM",0.36,"nL",25010.35714286
"",8,"E21",5,21,"E21",5,21,3,"Drug2",1,8,"14:39:12.164",1.999171771695,"uM",10,"nL",25010.35714286
"",8,"E21",5,21,"E21",5,21,4,"Drug1",2,1,"15:03:15.514",1.007582572934,"uM",0.36,"nL",25010.35714286
"",8,"E22",5,22,"E22",5,22,3,"Drug2",1,8,"14:39:11.980",1.999171771695,"uM",10,"nL",25010.35714286
"",8,"E22",5,22,"E22",5,22,4,"Drug1",2,1,"15:03:15.331",1.007582572934,"uM",0.36,"nL",25010.35714286
"",8,"F02",6,2,"F02",6,2,5,"NC",2,2,"15:03:48.180",19.96007984032,"uM",50,"nL",25050
"",8,"F03",6,3,"F03",6,3,5,"NC",2,2,"15:03:48.372",19.96007984032,"uM",50,"nL",25050
"",8,"F04",6,4,"F04",6,4,5,"NC",2,2,"15:03:48.567",19.96007984032,"uM",50,"nL",25050
"",8,"F05",6,5,"F05",6,5,6,"PC",2,3,"15:03:52.696",49.5752123938,"uM",12.4,"nL",25012.5
"",8,"F06",6,6,"F06",6,6,6,"PC",2,3,"15:03:52.877",49.5752123938,"uM",12.4,"nL",25012.5
"",8,"F07",6,7,"F07",6,7,6,"PC",2,3,"15:03:53.059",49.5752123938,"uM",12.4,"nL",25012.5
"",8,"G02",7,2,"G02",7,2,4,"Drug1",2,1,"15:03:22.614",24.63120314174,"uM",8.8,"nL",25008.92857143
"",8,"G03",7,3,"G03",7,3,4,"Drug1",2,1,"15:03:22.429",24.63120314174,"uM",8.8,"nL",25008.92857143
"",8,"G04",7,4,"G04",7,4,4,"Drug1",2,1,"15:03:22.247",24.63120314174,"uM",8.8,"nL",25008.92857143
"",8,"G05",7,5,"G05",7,5,3,"Drug2",1,8,"14:39:18.498",1.999200319872,"uM",10,"nL",25010
"",8,"G06",7,6,"G06",7,6,3,"Drug2",1,8,"14:39:18.314",1.999200319872,"uM",10,"nL",25010
"",8,"G07",7,7,"G07",7,7,3,"Drug2",1,8,"14:39:18.137",1.999200319872,"uM",10,"nL",25010
"",8,"G08",7,8,"G08",7,8,4,"Drug1",2,1,"15:03:21.950",74.9596000922,"uM",26.8,"nL",25026.81441327
"",8,"G09",7,9,"G09",7,9,4,"Drug1",2,1,"15:03:21.753",74.9596000922,"uM",26.8,"nL",25026.81441327
"",8,"G10",7,10,"G10",7,10,4,"Drug1",2,1,"15:03:21.565",74.9596000922,"uM",26.8,"nL",25026.81441327
"",8,"G11",7,11,"G11",7,11,3,"Drug2",1,8,"14:39:17.849",0.007997127888641,"uM",0.04,"nL",25008.97857143
"",8,"G11",7,11,"G11",7,11,4,"Drug1",2,1,"15:03:21.380",24.63115389701,"uM",8.8,"nL",25008.97857143
"",8,"G12",7,12,"G12",7,12,3,"Drug2",1,8,"14:39:17.664",0.007997127888641,"uM",0.04,"nL",25008.97857143
"",8,"G12",7,12,"G12",7,12,4,"Drug1",2,1,"15:03:21.197",24.63115389701,"uM",8.8,"nL",25008.97857143
"",8,"G13",7,13,"G13",7,13,3,"Drug2",1,8,"14:39:17.479",0.007997127888641,"uM",0.04,"nL",25008.97857143
"",8,"G13",7,13,"G13",7,13,4,"Drug1",2,1,"15:03:20.666",24.63115389701,"uM",8.8,"nL",25008.97857143
"",8,"G14",7,14,"G14",7,14,3,"Drug2",1,8,"14:39:17.301",0.05997787782383,"uM",0.3,"nL",25009.2209732
"",8,"G14",7,14,"G14",7,14,4,"Drug1",2,1,"15:03:20.480",24.63091515965,"uM",8.8,"nL",25009.2209732
"",8,"G15",7,15,"G15",7,15,3,"Drug2",1,8,"14:39:17.111",0.05997787782383,"uM",0.3,"nL",25009.2209732
"",8,"G15",7,15,"G15",7,15,4,"Drug1",2,1,"15:03:20.292",24.63091515965,"uM",8.8,"nL",25009.2209732
"",8,"G16",7,16,"G16",7,16,3,"Drug2",1,8,"14:39:16.925",0.05997787782383,"uM",0.3,"nL",25009.2209732
"",8,"G16",7,16,"G16",7,16,4,"Drug1",2,1,"15:03:20.108",24.63091515965,"uM",8.8,"nL",25009.2209732
"",8,"G17",7,17,"G17",7,17,3,"Drug2",1,8,"14:39:16.737",0.3398553772987,"uM",1.7,"nL",25010.63854738
"",8,"G17",7,17,"G17",7,17,4,"Drug1",2,1,"15:03:19.927",24.62951910777,"uM",8.8,"nL",25010.63854738
"",8,"G18",7,18,"G18",7,18,3,"Drug2",1,8,"14:39:16.551",0.3398553772987,"uM",1.7,"nL",25010.63854738
"",8,"G18",7,18,"G18",7,18,4,"Drug1",2,1,"15:03:19.747",24.62951910777,"uM",8.8,"nL",25010.63854738
"",8,"G19",7,19,"G19",7,19,3,"Drug2",1,8,"14:39:16.360",0.3398553772987,"uM",1.7,"nL",25010.63854738
"",8,"G19",7,19,"G19",7,19,4,"Drug1",2,1,"15:03:19.560",24.62951910777,"uM",8.8,"nL",25010.63854738
"",8,"G20",7,20,"G20",7,20,3,"Drug2",1,8,"14:39:16.180",1.998486859949,"uM",10,"nL",25018.92857143
"",8,"G20",7,20,"G20",7,20,4,"Drug1",2,1,"15:03:19.381",24.62135811457,"uM",8.8,"nL",25018.92857143
"",8,"G21",7,21,"G21",7,21,3,"Drug2",1,8,"14:39:15.997",1.998486859949,"uM",10,"nL",25018.92857143
"",8,"G21",7,21,"G21",7,21,4,"Drug1",2,1,"15:03:19.191",24.62135811457,"uM",8.8,"nL",25018.92857143
"",8,"G22",7,22,"G22",7,22,3,"Drug2",1,8,"14:39:15.815",1.998486859949,"uM",10,"nL",25018.92857143
"",8,"G22",7,22,"G22",7,22,4,"Drug1",2,1,"15:03:19.008",24.62135811457,"uM",8.8,"nL",25018.92857143
"",8,"H02",8,2,"H02",8,2,4,"Drug1",2,1,"15:03:22.799",8.566953622526,"uM",3.06,"nL",25003.05352848
"",8,"H03",8,3,"H03",8,3,4,"Drug1",2,1,"15:03:22.991",8.566953622526,"uM",3.06,"nL",25003.05352848
"",8,"H04",8,4,"H04",8,4,4,"Drug1",2,1,"15:03:23.189",8.566953622526,"uM",3.06,"nL",25003.05352848
"",8,"H05",8,5,"H05",8,5,3,"Drug2",1,8,"14:39:18.682",0.3399767459177,"uM",1.7,"nL",25001.70997595
"",8,"H06",8,6,"H06",8,6,3,"Drug2",1,8,"14:39:18.876",0.3399767459177,"uM",1.7,"nL",25001.70997595
"",8,"H07",8,7,"H07",8,7,3,"Drug2",1,8,"14:39:19.062",0.3399767459177,"uM",1.7,"nL",25001.70997595
"",8,"H08",8,8,"H08",8,8,4,"Drug1",2,1,"15:03:23.494",0.2239992000029,"uM",0.08,"nL",25000.08928571
"",8,"H09",8,9,"H09",8,9,4,"Drug1",2,1,"15:03:23.679",0.2239992000029,"uM",0.08,"nL",25000.08928571
"",8,"H10",8,10,"H10",8,10,4,"Drug1",2,1,"15:03:23.864",0.2239992000029,"uM",0.08,"nL",25000.08928571
"",8,"H11",8,11,"H11",8,11,3,"Drug2",1,8,"14:39:19.352",0.00799900699416,"uM",0.04,"nL",25003.10352848
"",8,"H11",8,11,"H11",8,11,4,"Drug1",2,1,"15:03:24.052",8.566936490746,"uM",3.06,"nL",25003.10352848
"",8,"H12",8,12,"H12",8,12,3,"Drug2",1,8,"14:39:19.532",0.00799900699416,"uM",0.04,"nL",25003.10352848
"",8,"H12",8,12,"H12",8,12,4,"Drug1",2,1,"15:03:24.253",8.566936490746,"uM",3.06,"nL",25003.10352848
"",8,"H13",8,13,"H13",8,13,3,"Drug2",1,8,"14:39:19.709",0.00799900699416,"uM",0.04,"nL",25003.10352848
"",8,"H13",8,13,"H13",8,13,4,"Drug1",2,1,"15:03:24.451",8.566936490746,"uM",3.06,"nL",25003.10352848
"",8,"H14",8,14,"H14",8,14,3,"Drug2",1,8,"14:39:19.891",0.059991970842,"uM",0.3,"nL",25003.34593025
"",8,"H14",8,14,"H14",8,14,4,"Drug1",2,1,"15:03:24.647",8.566853436238,"uM",3.06,"nL",25003.34593025
"",8,"H15",8,15,"H15",8,15,3,"Drug2",1,8,"14:39:20.067",0.059991970842,"uM",0.3,"nL",25003.34593025
"",8,"H15",8,15,"H15",8,15,4,"Drug1",2,1,"15:03:24.848",8.566853436238,"uM",3.06,"nL",25003.34593025
"",8,"H16",8,16,"H16",8,16,3,"Drug2",1,8,"14:39:20.248",0.059991970842,"uM",0.3,"nL",25003.34593025
"",8,"H16",8,16,"H16",8,16,4,"Drug1",2,1,"15:03:25.049",8.566853436238,"uM",3.06,"nL",25003.34593025
"",8,"H17",8,17,"H17",8,17,3,"Drug2",1,8,"14:39:20.423",0.3399352286814,"uM",1.7,"nL",25004.76350442
"",8,"H17",8,17,"H17",8,17,4,"Drug1",2,1,"15:03:25.247",8.566367762771,"uM",3.06,"nL",25004.76350442
"",8,"H18",8,18,"H18",8,18,3,"Drug2",1,8,"14:39:20.611",0.3399352286814,"uM",1.7,"nL",25004.76350442
"",8,"H18",8,18,"H18",8,18,4,"Drug1",2,1,"15:03:25.446",8.566367762771,"uM",3.06,"nL",25004.76350442
"",8,"H19",8,19,"H19",8,19,3,"Drug2",1,8,"14:39:20.794",0.3399352286814,"uM",1.7,"nL",25004.76350442
"",8,"H19",8,19,"H19",8,19,4,"Drug1",2,1,"15:03:25.649",8.566367762771,"uM",3.06,"nL",25004.76350442
"",8,"H20",8,20,"H20",8,20,3,"Drug2",1,8,"14:39:20.978",1.9989562627,"uM",10,"nL",25013.05352848
"",8,"H20",8,20,"H20",8,20,4,"Drug1",2,1,"15:03:25.845",8.563528629407,"uM",3.06,"nL",25013.05352848
"",8,"H21",8,21,"H21",8,21,3,"Drug2",1,8,"14:39:21.159",1.9989562627,"uM",10,"nL",25013.05352848
"",8,"H21",8,21,"H21",8,21,4,"Drug1",2,1,"15:03:26.046",8.563528629407,"uM",3.06,"nL",25013.05352848
"",8,"H22",8,22,"H22",8,22,3,"Drug2",1,8,"14:39:21.342",1.9989562627,"uM",10,"nL",25013.05352848
"",8,"H22",8,22,"H22",8,22,4,"Drug1",2,1,"15:03:26.240",8.563528629407,"uM",3.06,"nL",25013.05352848
"",8,"I02",9,2,"I02",9,2,4,"Drug1",2,1,"15:03:29.264",2.911878365943,"uM",1.04,"nL",25001.04429205
"",8,"I03",9,3,"I03",9,3,4,"Drug1",2,1,"15:03:29.079",2.911878365943,"uM",1.04,"nL",25001.04429205
"",8,"I04",9,4,"I04",9,4,4,"Drug1",2,1,"15:03:28.891",2.911878365943,"uM",1.04,"nL",25001.04429205
"",8,"I05",9,5,"I05",9,5,3,"Drug2",1,8,"14:39:24.645",0.05999929824395,"uM",0.3,"nL",25000.29240177
"",8,"I06",9,6,"I06",9,6,3,"Drug2",1,8,"14:39:24.462",0.05999929824395,"uM",0.3,"nL",25000.29240177
"",8,"I07",9,7,"I07",9,7,3,"Drug2",1,8,"14:39:24.284",0.05999929824395,"uM",0.3,"nL",25000.29240177
"",8,"I08",9,8,"I08",9,8,3,"Drug2",1,8,"14:39:24.097",4.955044955045,"uM",24.8,"nL",25025
"",8,"I09",9,9,"I09",9,9,3,"Drug2",1,8,"14:39:23.914",4.955044955045,"uM",24.8,"nL",25025
"",8,"I10",9,10,"I10",9,10,3,"Drug2",1,8,"14:39:23.722",4.955044955045,"uM",24.8,"nL",25025
"",8,"I11",9,11,"I11",9,11,3,"Drug2",1,8,"14:39:23.542",0.007999649841871,"uM",0.04,"nL",25001.09429205
"",8,"I11",9,11,"I11",9,11,4,"Drug1",2,1,"15:03:28.499",2.911872542441,"uM",1.04,"nL",25001.09429205
"",8,"I12",9,12,"I12",9,12,3,"Drug2",1,8,"14:39:23.362",0.007999649841871,"uM",0.04,"nL",25001.09429205
"",8,"I12",9,12,"I12",9,12,4,"Drug1",2,1,"15:03:28.320",2.911872542441,"uM",1.04,"nL",25001.09429205
"",8,"I13",9,13,"I13",9,13,3,"Drug2",1,8,"14:39:23.179",0.007999649841871,"uM",0.04,"nL",25001.09429205
"",8,"I13",9,13,"I13",9,13,4,"Drug1",2,1,"15:03:28.130",2.911872542441,"uM",1.04,"nL",25001.09429205
"",8,"I14",9,14,"I14",9,14,3,"Drug2",1,8,"14:39:22.997",0.05999679210634,"uM",0.3,"nL",25001.33669382
"",8,"I14",9,14,"I14",9,14,4,"Drug1",2,1,"15:03:27.946",2.911844310228,"uM",1.04,"nL",25001.33669382
"",8,"I15",9,15,"I15",9,15,3,"Drug2",1,8,"14:39:22.813",0.05999679210634,"uM",0.3,"nL",25001.33669382
"",8,"I15",9,15,"I15",9,15,4,"Drug1",2,1,"15:03:27.754",2.911844310228,"uM",1.04,"nL",25001.33669382
"",8,"I16",9,16,"I16",9,16,3,"Drug2",1,8,"14:39:22.631",0.05999679210634,"uM",0.3,"nL",25001.33669382
"",8,"I16",9,16,"I16",9,16,4,"Drug1",2,1,"15:03:27.569",2.911844310228,"uM",1.04,"nL",25001.33669382
"",8,"I17",9,17,"I17",9,17,3,"Drug2",1,8,"14:39:22.447",0.3399625460816,"uM",1.7,"nL",25002.754268
"",8,"I17",9,17,"I17",9,17,4,"Drug1",2,1,"15:03:27.382",2.911679218205,"uM",1.04,"nL",25002.754268
"",8,"I18",9,18,"I18",9,18,3,"Drug2",1,8,"14:39:22.259",0.3399625460816,"uM",1.7,"nL",25002.754268
"",8,"I18",9,18,"I18",9,18,4,"Drug1",2,1,"15:03:27.193",2.911679218205,"uM",1.04,"nL",25002.754268
"",8,"I19",9,19,"I19",9,19,3,"Drug2",1,8,"14:39:22.069",0.3399625460816,"uM",1.7,"nL",25002.754268
"",8,"I19",9,19,"I19",9,19,4,"Drug1",2,1,"15:03:27.005",2.911679218205,"uM",1.04,"nL",25002.754268
"",8,"I20",9,20,"I20",9,20,3,"Drug2",1,8,"14:39:21.890",1.999116846788,"uM",10,"nL",25011.04429205
"",8,"I20",9,20,"I20",9,20,4,"Drug1",2,1,"15:03:26.815",2.910714128924,"uM",1.04,"nL",25011.04429205
"",8,"I21",9,21,"I21",9,21,3,"Drug2",1,8,"14:39:21.703",1.999116846788,"uM",10,"nL",25011.04429205
"",8,"I21",9,21,"I21",9,21,4,"Drug1",2,1,"15:03:26.624",2.910714128924,"uM",1.04,"nL",25011.04429205
"",8,"I22",9,22,"I22",9,22,3,"Drug2",1,8,"14:39:21.525",1.999116846788,"uM",10,"nL",25011.04429205
"",8,"I22",9,22,"I22",9,22,4,"Drug1",2,1,"15:03:26.436",2.910714128924,"uM",1.04,"nL",25011.04429205
"",8,"J02",10,2,"J02",10,2,4,"Drug1",2,1,"15:03:29.456",1.007985600206,"uM",0.36,"nL",25000.35714286
"",8,"J03",10,3,"J03",10,3,4,"Drug1",2,1,"15:03:29.647",1.007985600206,"uM",0.36,"nL",25000.35714286
"",8,"J04",10,4,"J04",10,4,4,"Drug1",2,1,"15:03:29.831",1.007985600206,"uM",0.36,"nL",25000.35714286
"",8,"J05",10,5,"J05",10,5,3,"Drug2",1,8,"14:39:24.829",0.007999984000032,"uM",0.04,"nL",25000.05
"",8,"J06",10,6,"J06",10,6,3,"Drug2",1,8,"14:39:25.008",0.007999984000032,"uM",0.04,"nL",25000.05
"",8,"J07",10,7,"J07",10,7,3,"Drug2",1,8,"14:39:25.189",0.007999984000032,"uM",0.04,"nL",25000.05
"",8,"J08",10,8,"J08",10,8,3,"Drug2",1,8,"14:39:25.375",0.0239998800006,"uM",0.12,"nL",25000.125
"",8,"J09",10,9,"J09",10,9,3,"Drug2",1,8,"14:39:25.558",0.0239998800006,"uM",0.12,"nL",25000.125
"",8,"J10",10,10,"J10",10,10,3,"Drug2",1,8,"14:39:25.733",0.0239998800006,"uM",0.12,"nL",25000.125
"",8,"J11",10,11,"J11",10,11,3,"Drug2",1,8,"14:39:25.913",0.007999869716407,"uM",0.04,"nL",25000.40714286
"",8,"J11",10,11,"J11",10,11,4,"Drug1",2,1,"15:03:30.230",1.007983584267,"uM",0.36,"nL",25000.40714286
"",8,"J12",10,12,"J12",10,12,3,"Drug2",1,8,"14:39:26.097",0.007999869716407,"uM",0.04,"nL",25000.40714286
"",8,"J12",10,12,"J12",10,12,4,"Drug1",2,1,"15:03:30.414",1.007983584267,"uM",0.36,"nL",25000.40714286
"",8,"J13",10,13,"J13",10,13,3,"Drug2",1,8,"14:39:26.279",0.007999869716407,"uM",0.04,"nL",25000.40714286
"",8,"J13",10,13,"J13",10,13,4,"Drug1",2,1,"15:03:30.600",1.007983584267,"uM",0.36,"nL",25000.40714286
"",8,"J14",10,14,"J14",10,14,3,"Drug2",1,8,"14:39:26.465",0.05999844113339,"uM",0.3,"nL",25000.64954463
"",8,"J14",10,14,"J14",10,14,4,"Drug1",2,1,"15:03:30.777",1.007973811041,"uM",0.36,"nL",25000.64954463
"",8,"J15",10,15,"J15",10,15,3,"Drug2",1,8,"14:39:26.646",0.05999844113339,"uM",0.3,"nL",25000.64954463
"",8,"J15",10,15,"J15",10,15,4,"Drug1",2,1,"15:03:30.958",1.007973811041,"uM",0.36,"nL",25000.64954463
"",8,"J16",10,16,"J16",10,16,3,"Drug2",1,8,"14:39:26.830",0.05999844113339,"uM",0.3,"nL",25000.64954463
"",8,"J16",10,16,"J16",10,16,4,"Drug1",2,1,"15:03:31.142",1.007973811041,"uM",0.36,"nL",25000.64954463
"",8,"J17",10,17,"J17",10,17,3,"Drug2",1,8,"14:39:27.014",0.3399718895086,"uM",1.7,"nL",25002.0671188
"",8,"J17",10,17,"J17",10,17,4,"Drug1",2,1,"15:03:31.325",1.007916660661,"uM",0.36,"nL",25002.0671188
"",8,"J18",10,18,"J18",10,18,3,"Drug2",1,8,"14:39:27.197",0.3399718895086,"uM",1.7,"nL",25002.0671188
"",8,"J18",10,18,"J18",10,18,4,"Drug1",2,1,"15:03:31.518",1.007916660661,"uM",0.36,"nL",25002.0671188
"",8,"J19",10,19,"J19",10,19,3,"Drug2",1,8,"14:39:27.385",0.3399718895086,"uM",1.7,"nL",25002.0671188
"",8,"J19",10,19,"J19",10,19,4,"Drug1",2,1,"15:03:31.709",1.007916660661,"uM",0.36,"nL",25002.0671188
"",8,"J20",10,20,"J20",10,20,3,"Drug2",1,8,"14:39:27.573",1.999171771695,"uM",10,"nL",25010.35714286
"",8,"J20",10,20,"J20",10,20,4,"Drug1",2,1,"15:03:31.898",1.007582572934,"uM",0.36,"nL",25010.35714286
"",8,"J21",10,21,"J21",10,21,3,"Drug2",1,8,"14:39:27.754",1.999171771695,"uM",10,"nL",25010.35714286
"",8,"J21",10,21,"J21",10,21,4,"Drug1",2,1,"15:03:32.079",1.007582572934,"uM",0.36,"nL",25010.35714286
"",8,"J22",10,22,"J22",10,22,3,"Drug2",1,8,"14:39:27.938",1.999171771695,"uM",10,"nL",25010.35714286
"",8,"J22",10,22,"J22",10,22,4,"Drug1",2,1,"15:03:32.256",1.007582572934,"uM",0.36,"nL",25010.35714286
"",8,"K02",11,2,"K02",11,2,5,"NC",2,2,"15:03:50.660",19.96007984032,"uM",50,"nL",25050
"",8,"K03",11,3,"K03",11,3,5,"NC",2,2,"15:03:50.465",19.96007984032,"uM",50,"nL",25050
"",8,"K04",11,4,"K04",11,4,5,"NC",2,2,"15:03:50.273",19.96007984032,"uM",50,"nL",25050
"",8,"K05",11,5,"K05",11,5,6,"PC",2,3,"15:03:55.075",49.5752123938,"uM",12.4,"nL",25012.5
"",8,"K06",11,6,"K06",11,6,6,"PC",2,3,"15:03:54.892",49.5752123938,"uM",12.4,"nL",25012.5
"",8,"K07",11,7,"K07",11,7,6,"PC",2,3,"15:03:54.710",49.5752123938,"uM",12.4,"nL",25012.5
"",8,"K17",11,17,"K17",11,17,5,"NC",2,2,"15:03:49.647",19.96007984032,"uM",50,"nL",25050
"",8,"K18",11,18,"K18",11,18,5,"NC",2,2,"15:03:49.457",19.96007984032,"uM",50,"nL",25050
"",8,"K19",11,19,"K19",11,19,5,"NC",2,2,"15:03:49.255",19.96007984032,"uM",50,"nL",25050
"",8,"K20",11,20,"K20",11,20,6,"PC",2,3,"15:03:54.104",49.5752123938,"uM",12.4,"nL",25012.5
"",8,"K21",11,21,"K21",11,21,6,"PC",2,3,"15:03:53.923",49.5752123938,"uM",12.4,"nL",25012.5
"",8,"K22",11,22,"K22",11,22,6,"PC",2,3,"15:03:53.735",49.5752123938,"uM",12.4,"nL",25012.5
"",8,"L02",12,2,"L02",12,2,4,"Drug1",2,1,"15:03:33.117",24.63120314174,"uM",8.8,"nL",25008.92857143
"",8,"L03",12,3,"L03",12,3,4,"Drug1",2,1,"15:03:33.298",24.63120314174,"uM",8.8,"nL",25008.92857143
"",8,"L04",12,4,"L04",12,4,4,"Drug1",2,1,"15:03:33.482",24.63120314174,"uM",8.8,"nL",25008.92857143
"",8,"L05",12,5,"L05",12,5,3,"Drug2",1,8,"14:39:28.689",1.999200319872,"uM",10,"nL",25010
"",8,"L06",12,6,"L06",12,6,3,"Drug2",1,8,"14:39:28.872",1.999200319872,"uM",10,"nL",25010
"",8,"L07",12,7,"L07",12,7,3,"Drug2",1,8,"14:39:29.067",1.999200319872,"uM",10,"nL",25010
"",8,"L08",12,8,"L08",12,8,4,"Drug1",2,1,"15:03:33.767",74.9596000922,"uM",26.8,"nL",25026.81441327
"",8,"L09",12,9,"L09",12,9,4,"Drug1",2,1,"15:03:33.961",74.9596000922,"uM",26.8,"nL",25026.81441327
"",8,"L10",12,10,"L10",12,10,4,"Drug1",2,1,"15:03:34.145",74.9596000922,"uM",26.8,"nL",25026.81441327
"",8,"L11",12,11,"L11",12,11,3,"Drug2",1,8,"14:39:29.349",0.007997127888641,"uM",0.04,"nL",25008.97857143
"",8,"L11",12,11,"L11",12,11,4,"Drug1",2,1,"15:03:34.330",24.63115389701,"uM",8.8,"nL",25008.97857143
"",8,"L12",12,12,"L12",12,12,3,"Drug2",1,8,"14:39:29.529",0.007997127888641,"uM",0.04,"nL",25008.97857143
"",8,"L12",12,12,"L12",12,12,4,"Drug1",2,1,"15:03:34.513",24.63115389701,"uM",8.8,"nL",25008.97857143
"",8,"L13",12,13,"L13",12,13,3,"Drug2",1,8,"14:39:29.712",0.007997127888641,"uM",0.04,"nL",25008.97857143
"",8,"L13",12,13,"L13",12,13,4,"Drug1",2,1,"15:03:34.691",24.63115389701,"uM",8.8,"nL",25008.97857143
"",8,"L14",12,14,"L14",12,14,3,"Drug2",1,8,"14:39:29.895",0.05997787782383,"uM",0.3,"nL",25009.2209732
"",8,"L14",12,14,"L14",12,14,4,"Drug1",2,1,"15:03:34.879",24.63091515965,"uM",8.8,"nL",25009.2209732
"",8,"L15",12,15,"L15",12,15,3,"Drug2",1,8,"14:39:30.081",0.05997787782383,"uM",0.3,"nL",25009.2209732
"",8,"L15",12,15,"L15",12,15,4,"Drug1",2,1,"15:03:35.062",24.63091515965,"uM",8.8,"nL",25009.2209732
"",8,"L16",12,16,"L16",12,16,3,"Drug2",1,8,"14:39:30.266",0.05997787782383,"uM",0.3,"nL",25009.2209732
"",8,"L16",12,16,"L16",12,16,4,"Drug1",2,1,"15:03:35.345",24.63091515965,"uM",8.8,"nL",25009.2209732
"",8,"L17",12,17,"L17",12,17,3,"Drug2",1,8,"14:39:30.447",0.3398553772987,"uM",1.7,"nL",25010.63854738
"",8,"L17",12,17,"L17",12,17,4,"Drug1",2,1,"15:03:35.530",24.62951910777,"uM",8.8,"nL",25010.63854738
"",8,"L18",12,18,"L18",12,18,3,"Drug2",1,8,"14:39:30.631",0.3398553772987,"uM",1.7,"nL",25010.63854738
"",8,"L18",12,18,"L18",12,18,4,"Drug1",2,1,"15:03:35.712",24.62951910777,"uM",8.8,"nL",25010.63854738
"",8,"L19",12,19,"L19",12,19,3,"Drug2",1,8,"14:39:30.824",0.3398553772987,"uM",1.7,"nL",25010.63854738
"",8,"L19",12,19,"L19",12,19,4,"Drug1",2,1,"15:03:35.895",24.62951910777,"uM",8.8,"nL",25010.63854738
"",8,"L20",12,20,"L20",12,20,3,"Drug2",1,8,"14:39:31.009",1.998486859949,"uM",10,"nL",25018.92857143
"",8,"L20",12,20,"L20",12,20,4,"Drug1",2,1,"15:03:36.075",24.62135811457,"uM",8.8,"nL",25018.92857143
"",8,"L21",12,21,"L21",12,21,3,"Drug2",1,8,"14:39:31.189",1.998486859949,"uM",10,"nL",25018.92857143
"",8,"L21",12,21,"L21",12,21,4,"Drug1",2,1,"15:03:36.260",24.62135811457,"uM",8.8,"nL",25018.92857143
"",8,"L22",12,22,"L22",12,22,3,"Drug2",1,8,"14:39:31.369",1.998486859949,"uM",10,"nL",25018.92857143
"",8,"L22",12,22,"L22",12,22,4,"Drug1",2,1,"15:03:36.444",24.62135811457,"uM",8.8,"nL",25018.92857143
"",8,"M02",13,2,"M02",13,2,4,"Drug1",2,1,"15:03:40.048",8.566953622526,"uM",3.06,"nL",25003.05352848
"",8,"M03",13,3,"M03",13,3,4,"Drug1",2,1,"15:03:39.858",8.566953622526,"uM",3.06,"nL",25003.05352848
"",8,"M04",13,4,"M04",13,4,4,"Drug1",2,1,"15:03:39.663",8.566953622526,"uM",3.06,"nL",25003.05352848
"",8,"M05",13,5,"M05",13,5,3,"Drug2",1,8,"14:39:34.228",0.3399767459177,"uM",1.7,"nL",25001.70997595
"",8,"M06",13,6,"M06",13,6,3,"Drug2",1,8,"14:39:34.035",0.3399767459177,"uM",1.7,"nL",25001.70997595
"",8,"M07",13,7,"M07",13,7,3,"Drug2",1,8,"14:39:33.850",0.3399767459177,"uM",1.7,"nL",25001.70997595
"",8,"M08",13,8,"M08",13,8,4,"Drug1",2,1,"15:03:39.374",0.2239992000029,"uM",0.08,"nL",25000.08928571
"",8,"M09",13,9,"M09",13,9,4,"Drug1",2,1,"15:03:39.194",0.2239992000029,"uM",0.08,"nL",25000.08928571
"",8,"M10",13,10,"M10",13,10,4,"Drug1",2,1,"15:03:39.011",0.2239992000029,"uM",0.08,"nL",25000.08928571
"",8,"M11",13,11,"M11",13,11,3,"Drug2",1,8,"14:39:33.561",0.00799900699416,"uM",0.04,"nL",25003.10352848
"",8,"M11",13,11,"M11",13,11,4,"Drug1",2,1,"15:03:38.811",8.566936490746,"uM",3.06,"nL",25003.10352848
"",8,"M12",13,12,"M12",13,12,3,"Drug2",1,8,"14:39:33.376",0.00799900699416,"uM",0.04,"nL",25003.10352848
"",8,"M12",13,12,"M12",13,12,4,"Drug1",2,1,"15:03:38.604",8.566936490746,"uM",3.06,"nL",25003.10352848
"",8,"M13",13,13,"M13",13,13,3,"Drug2",1,8,"14:39:33.191",0.00799900699416,"uM",0.04,"nL",25003.10352848
"",8,"M13",13,13,"M13",13,13,4,"Drug1",2,1,"15:03:38.405",8.566936490746,"uM",3.06,"nL",25003.10352848
"",8,"M14",13,14,"M14",13,14,3,"Drug2",1,8,"14:39:33.012",0.059991970842,"uM",0.3,"nL",25003.34593025
"",8,"M14",13,14,"M14",13,14,4,"Drug1",2,1,"15:03:38.209",8.566853436238,"uM",3.06,"nL",25003.34593025
"",8,"M15",13,15,"M15",13,15,3,"Drug2",1,8,"14:39:32.835",0.059991970842,"uM",0.3,"nL",25003.34593025
"",8,"M15",13,15,"M15",13,15,4,"Drug1",2,1,"15:03:38.008",8.566853436238,"uM",3.06,"nL",25003.34593025
"",8,"M16",13,16,"M16",13,16,3,"Drug2",1,8,"14:39:32.654",0.059991970842,"uM",0.3,"nL",25003.34593025
"",8,"M16",13,16,"M16",13,16,4,"Drug1",2,1,"15:03:37.812",8.566853436238,"uM",3.06,"nL",25003.34593025
"",8,"M17",13,17,"M17",13,17,3,"Drug2",1,8,"14:39:32.464",0.3399352286814,"uM",1.7,"nL",25004.76350442
"",8,"M17",13,17,"M17",13,17,4,"Drug1",2,1,"15:03:37.618",8.566367762771,"uM",3.06,"nL",25004.76350442
"",8,"M18",13,18,"M18",13,18,3,"Drug2",1,8,"14:39:32.278",0.3399352286814,"uM",1.7,"nL",25004.76350442
"",8,"M18",13,18,"M18",13,18,4,"Drug1",2,1,"15:03:37.420",8.566367762771,"uM",3.06,"nL",25004.76350442
"",8,"M19",13,19,"M19",13,19,3,"Drug2",1,8,"14:39:32.091",0.3399352286814,"uM",1.7,"nL",25004.76350442
"",8,"M19",13,19,"M19",13,19,4,"Drug1",2,1,"15:03:37.225",8.566367762771,"uM",3.06,"nL",25004.76350442
"",8,"M20",13,20,"M20",13,20,3,"Drug2",1,8,"14:39:31.905",1.9989562627,"uM",10,"nL",25013.05352848
"",8,"M20",13,20,"M20",13,20,4,"Drug1",2,1,"15:03:37.029",8.563528629407,"uM",3.06,"nL",25013.05352848
"",8,"M21",13,21,"M21",13,21,3,"Drug2",1,8,"14:39:31.729",1.9989562627,"uM",10,"nL",25013.05352848
"",8,"M21",13,21,"M21",13,21,4,"Drug1",2,1,"15:03:36.829",8.563528629407,"uM",3.06,"nL",25013.05352848
"",8,"M22",13,22,"M22",13,22,3,"Drug2",1,8,"14:39:31.545",1.9989562627,"uM",10,"nL",25013.05352848
"",8,"M22",13,22,"M22",13,22,4,"Drug1",2,1,"15:03:36.631",8.563528629407,"uM",3.06,"nL",25013.05352848
"",8,"N02",14,2,"N02",14,2,4,"Drug1",2,1,"15:03:40.245",2.911878365943,"uM",1.04,"nL",25001.04429205
"",8,"N03",14,3,"N03",14,3,4,"Drug1",2,1,"15:03:40.427",2.911878365943,"uM",1.04,"nL",25001.04429205
"",8,"N04",14,4,"N04",14,4,4,"Drug1",2,1,"15:03:40.604",2.911878365943,"uM",1.04,"nL",25001.04429205
"",8,"N05",14,5,"N05",14,5,3,"Drug2",1,8,"14:39:34.418",0.05999929824395,"uM",0.3,"nL",25000.29240177
"",8,"N06",14,6,"N06",14,6,3,"Drug2",1,8,"14:39:34.594",0.05999929824395,"uM",0.3,"nL",25000.29240177
"",8,"N07",14,7,"N07",14,7,3,"Drug2",1,8,"14:39:34.778",0.05999929824395,"uM",0.3,"nL",25000.29240177
"",8,"N08",14,8,"N08",14,8,3,"Drug2",1,8,"14:39:34.962",4.955044955045,"uM",24.8,"nL",25025
"",8,"N09",14,9,"N09",14,9,3,"Drug2",1,8,"14:39:35.149",4.955044955045,"uM",24.8,"nL",25025
"",8,"N10",14,10,"N10",14,10,3,"Drug2",1,8,"14:39:35.333",4.955044955045,"uM",24.8,"nL",25025
"",8,"N11",14,11,"N11",14,11,3,"Drug2",1,8,"14:39:35.512",0.007999649841871,"uM",0.04,"nL",25001.09429205
"",8,"N11",14,11,"N11",14,11,4,"Drug1",2,1,"15:03:40.996",2.911872542441,"uM",1.04,"nL",25001.09429205
"",8,"N12",14,12,"N12",14,12,3,"Drug2",1,8,"14:39:35.697",0.007999649841871,"uM",0.04,"nL",25001.09429205
"",8,"N12",14,12,"N12",14,12,4,"Drug1",2,1,"15:03:41.181",2.911872542441,"uM",1.04,"nL",25001.09429205
"",8,"N13",14,13,"N13",14,13,3,"Drug2",1,8,"14:39:35.878",0.007999649841871,"uM",0.04,"nL",25001.09429205
"",8,"N13",14,13,"N13",14,13,4,"Drug1",2,1,"15:03:41.380",2.911872542441,"uM",1.04,"nL",25001.09429205
"",8,"N14",14,14,"N14",14,14,3,"Drug2",1,8,"14:39:36.054",0.05999679210634,"uM",0.3,"nL",25001.33669382
"",8,"N14",14,14,"N14",14,14,4,"Drug1",2,1,"15:03:41.556",2.911844310228,"uM",1.04,"nL",25001.33669382
"",8,"N15",14,15,"N15",14,15,3,"Drug2",1,8,"14:39:36.232",0.05999679210634,"uM",0.3,"nL",25001.33669382
"",8,"N15",14,15,"N15",14,15,4,"Drug1",2,1,"15:03:41.738",2.911844310228,"uM",1.04,"nL",25001.33669382
"",8,"N16",14,16,"N16",14,16,3,"Drug2",1,8,"14:39:36.412",0.05999679210634,"uM",0.3,"nL",25001.33669382
"",8,"N16",14,16,"N16",14,16,4,"Drug1",2,1,"15:03:41.928",2.911844310228,"uM",1.04,"nL",25001.33669382
"",8,"N17",14,17,"N17",14,17,3,"Drug2",1,8,"14:39:36.594",0.3399625460816,"uM",1.7,"nL",25002.754268
"",8,"N17",14,17,"N17",14,17,4,"Drug1",2,1,"15:03:42.111",2.911679218205,"uM",1.04,"nL",25002.754268
"",8,"N18",14,18,"N18",14,18,3,"Drug2",1,8,"14:39:36.783",0.3399625460816,"uM",1.7,"nL",25002.754268
"",8,"N18",14,18,"N18",14,18,4,"Drug1",2,1,"15:03:42.289",2.911679218205,"uM",1.04,"nL",25002.754268
"",8,"N19",14,19,"N19",14,19,3,"Drug2",1,8,"14:39:36.978",0.3399625460816,"uM",1.7,"nL",25002.754268
"",8,"N19",14,19,"N19",14,19,4,"Drug1",2,1,"15:03:42.480",2.911679218205,"uM",1.04,"nL",25002.754268
"",8,"N20",14,20,"N20",14,20,3,"Drug2",1,8,"14:39:37.173",1.999116846788,"uM",10,"nL",25011.04429205
"",8,"N20",14,20,"N20",14,20,4,"Drug1",2,1,"15:03:42.664",2.910714128924,"uM",1.04,"nL",25011.04429205
"",8,"N21",14,21,"N21",14,21,3,"Drug2",1,8,"14:39:37.358",1.999116846788,"uM",10,"nL",25011.04429205
"",8,"N21",14,21,"N21",14,21,4,"Drug1",2,1,"15:03:42.848",2.910714128924,"uM",1.04,"nL",25011.04429205
"",8,"N22",14,22,"N22",14,22,3,"Drug2",1,8,"14:39:37.547",1.999116846788,"uM",10,"nL",25011.04429205
"",8,"N22",14,22,"N22",14,22,4,"Drug1",2,1,"15:03:43.040",2.910714128924,"uM",1.04,"nL",25011.04429205
"",8,"O02",15,2,"O02",15,2,4,"Drug1",2,1,"15:03:45.976",1.007985600206,"uM",0.36,"nL",25000.35714286
"",8,"O03",15,3,"O03",15,3,4,"Drug1",2,1,"15:03:45.792",1.007985600206,"uM",0.36,"nL",25000.35714286
"",8,"O04",15,4,"O04",15,4,4,"Drug1",2,1,"15:03:45.605",1.007985600206,"uM",0.36,"nL",25000.35714286
"",8,"O05",15,5,"O05",15,5,3,"Drug2",1,8,"14:39:40.845",0.007999984000032,"uM",0.04,"nL",25000.05
"",8,"O06",15,6,"O06",15,6,3,"Drug2",1,8,"14:39:40.662",0.007999984000032,"uM",0.04,"nL",25000.05
"",8,"O07",15,7,"O07",15,7,3,"Drug2",1,8,"14:39:40.486",0.007999984000032,"uM",0.04,"nL",25000.05
"",8,"O08",15,8,"O08",15,8,3,"Drug2",1,8,"14:39:40.309",0.0239998800006,"uM",0.12,"nL",25000.125
"",8,"O09",15,9,"O09",15,9,3,"Drug2",1,8,"14:39:40.127",0.0239998800006,"uM",0.12,"nL",25000.125
"",8,"O10",15,10,"O10",15,10,3,"Drug2",1,8,"14:39:39.945",0.0239998800006,"uM",0.12,"nL",25000.125
"",8,"O11",15,11,"O11",15,11,3,"Drug2",1,8,"14:39:39.764",0.007999869716407,"uM",0.04,"nL",25000.40714286
"",8,"O11",15,11,"O11",15,11,4,"Drug1",2,1,"15:03:45.211",1.007983584267,"uM",0.36,"nL",25000.40714286
"",8,"O12",15,12,"O12",15,12,3,"Drug2",1,8,"14:39:39.578",0.007999869716407,"uM",0.04,"nL",25000.40714286
"",8,"O12",15,12,"O12",15,12,4,"Drug1",2,1,"15:03:45.025",1.007983584267,"uM",0.36,"nL",25000.40714286
"",8,"O13",15,13,"O13",15,13,3,"Drug2",1,8,"14:39:39.396",0.007999869716407,"uM",0.04,"nL",25000.40714286
"",8,"O13",15,13,"O13",15,13,4,"Drug1",2,1,"15:03:44.848",1.007983584267,"uM",0.36,"nL",25000.40714286
"",8,"O14",15,14,"O14",15,14,3,"Drug2",1,8,"14:39:39.213",0.05999844113339,"uM",0.3,"nL",25000.64954463
"",8,"O14",15,14,"O14",15,14,4,"Drug1",2,1,"15:03:44.670",1.007973811041,"uM",0.36,"nL",25000.64954463
"",8,"O15",15,15,"O15",15,15,3,"Drug2",1,8,"14:39:39.027",0.05999844113339,"uM",0.3,"nL",25000.64954463
"",8,"O15",15,15,"O15",15,15,4,"Drug1",2,1,"15:03:44.485",1.007973811041,"uM",0.36,"nL",25000.64954463
"",8,"O16",15,16,"O16",15,16,3,"Drug2",1,8,"14:39:38.839",0.05999844113339,"uM",0.3,"nL",25000.64954463
"",8,"O16",15,16,"O16",15,16,4,"Drug1",2,1,"15:03:44.305",1.007973811041,"uM",0.36,"nL",25000.64954463
"",8,"O17",15,17,"O17",15,17,3,"Drug2",1,8,"14:39:38.649",0.3399718895086,"uM",1.7,"nL",25002.0671188
"",8,"O17",15,17,"O17",15,17,4,"Drug1",2,1,"15:03:44.122",1.007916660661,"uM",0.36,"nL",25002.0671188
"",8,"O18",15,18,"O18",15,18,3,"Drug2",1,8,"14:39:38.463",0.3399718895086,"uM",1.7,"nL",25002.0671188
"",8,"O18",15,18,"O18",15,18,4,"Drug1",2,1,"15:03:43.943",1.007916660661,"uM",0.36,"nL",25002.0671188
"",8,"O19",15,19,"O19",15,19,3,"Drug2",1,8,"14:39:38.276",0.3399718895086,"uM",1.7,"nL",25002.0671188
"",8,"O19",15,19,"O19",15,19,4,"Drug1",2,1,"15:03:43.761",1.007916660661,"uM",0.36,"nL",25002.0671188
"",8,"O20",15,20,"O20",15,20,3,"Drug2",1,8,"14:39:38.096",1.999171771695,"uM",10,"nL",25010.35714286
"",8,"O20",15,20,"O20",15,20,4,"Drug1",2,1,"15:03:43.576",1.007582572934,"uM",0.36,"nL",25010.35714286
"",8,"O21",15,21,"O21",15,21,3,"Drug2",1,8,"14:39:37.911",1.999171771695,"uM",10,"nL",25010.35714286
"",8,"O21",15,21,"O21",15,21,4,"Drug1",2,1,"15:03:43.400",1.007582572934,"uM",0.36,"nL",25010.35714286
"",8,"O22",15,22,"O22",15,22,3,"Drug2",1,8,"14:39:37.729",1.999171771695,"uM",10,"nL",25010.35714286
"",8,"O22",15,22,"O22",15,22,4,"Drug1",2,1,"15:03:43.221",1.007582572934,"uM",0.36,"nL",25010.35714286